,date,
0,Thu Mar 17 17:21:45 2022,"76A-076.76'
"
,date,
0,Thu Mar 17 17:44:09 2022,"76A-076.76'
"
,date,
0,Fri Mar 18 12:07:08 2022,"76A-076.76'
"
,date,
0,Fri Mar 18 16:20:57 2022,"76A-076.76'
"
,date,
0,Fri Mar 18 16:21:14 2022,
,date,
0,Fri Mar 18 16:21:26 2022,"43A-272.08
"
,date,
0,Fri Mar 18 20:41:40 2022,"43A-272.08
"
,date,
0,Fri Mar 18 20:42:10 2022,"43A-272.08
"
,date,
0,Fri Mar 18 20:44:00 2022,
,date,
0,Fri Mar 18 20:44:12 2022,"76A-076.76'
"
,date,
0,Fri Mar 18 20:44:29 2022,"43A-272.08
"
,date,
0,Fri Mar 18 20:45:26 2022,"43A-272.08
"
,date,
0,Fri Mar 18 20:45:35 2022,"43A-272.08
"
,date,
0,Fri Mar 18 20:46:10 2022,"43A-272.08
"
,date,
0,Fri Mar 18 20:46:17 2022,"43A-272.08
"
,date,
0,Fri Mar 18 21:30:42 2022,"43A-272.08
"
,date,
0,Fri Mar 18 21:33:29 2022,"43A-272.08
"
,date,
0,Fri Mar 18 22:09:50 2022,"43A-272.08
"
,date,
0,Fri Mar 18 22:15:30 2022,"43A-272.08
"
,date,
0,Fri Mar 18 22:17:52 2022,"43A-272.08
"
,date,
0,Fri Mar 18 22:18:23 2022,"43A-272.08
"
,date,
0,Fri Mar 18 22:19:42 2022,"43A-272.08
"
,date,
0,Fri Mar 18 22:20:17 2022,"43A-272.08
"
,date,
0,Fri Mar 18 22:20:28 2022,"43A-272.08
"
,date,
0,Fri Mar 18 22:20:39 2022,"43A-272.08
"
,date,
0,Fri Mar 18 22:21:15 2022,"43A-272.08
"
,date,
0,Fri Mar 18 22:23:22 2022,"43A-272.08
"
,date,
0,Fri Mar 18 22:23:30 2022,"43A-272.08
"
,date,
0,Fri Mar 18 22:24:19 2022,"43A-272.08
"
,date,
0,Fri Mar 18 22:25:16 2022,"43A-272.08
"
,date,
0,Fri Mar 18 22:30:50 2022,"43A-272.08
"
,date,
0,Fri Mar 18 22:31:54 2022,"43A-272.08
"
,date,
0,Fri Mar 18 22:33:05 2022,"43A-272.08
"
,date,
0,Fri Mar 18 22:42:17 2022,"43A-272.08
"
,date,
0,Fri Mar 18 23:16:17 2022,
,date,
0,Fri Mar 18 23:16:38 2022,
,date,
0,Fri Mar 18 23:50:30 2022,
,date,
0,Fri Mar 18 23:58:09 2022,
,date,
0,Sat Mar 19 00:07:43 2022,
,date,
0,Sat Mar 19 00:07:59 2022,"76A-076.76'
"
,date,
0,Sat Mar 19 00:08:08 2022,"76A-076.76'
"
,date,
0,Sat Mar 19 07:13:35 2022,"76A-076.76'
"
,date,
0,Sat Mar 19 07:13:53 2022,"76A-076.76'
"
,date,
0,Sat Mar 19 07:26:26 2022,"43A-272.08
"
,date,
0,Sat Mar 19 07:26:41 2022,"43A-272.08
"
,date,
0,Sat Mar 19 07:34:24 2022,"43A-272.08
"
,date,
0,Sat Mar 19 07:36:37 2022,"43A-272.08
"
,date,
0,Sat Mar 19 07:42:08 2022,"43A-272.08
"
,date,
0,Sat Mar 19 07:42:17 2022,"43A-272.08
"
,date,
0,Sat Mar 19 08:13:34 2022,"43A-272.08
"
,date,
0,Sat Mar 19 08:52:49 2022,
,date,
0,Sat Mar 19 08:53:01 2022,"76A-076.76'
"
,date,
0,Sat Mar 19 08:53:33 2022,"MH12DE1433
"
,date,
0,Sat Mar 19 08:54:54 2022,
,date,
0,Sat Apr  2 16:01:08 2022,
,date,
0,Sat Apr  2 16:01:13 2022,
,date,
0,Sat Apr  2 16:01:38 2022,
,date,
0,Sat Apr  2 16:17:21 2022,
,date,
0,Sat Apr  2 16:17:52 2022,
,date,
0,Sat Apr  2 16:18:03 2022,
,date,
0,Sat Apr  2 16:19:25 2022,
,date,
0,Sat Apr  2 16:19:34 2022,"76A-076.76
"
,date,
0,Sat Apr  2 16:22:30 2022,
,date,
0,Sat Apr  2 16:23:00 2022,
,date,
0,Sat Apr  2 16:23:23 2022,
,date,
0,Sat Apr  2 16:23:39 2022,
,date,
0,Sat Apr  2 16:23:46 2022,
,date,
0,Sat Apr  2 16:23:59 2022,
,date,
0,Sat Apr  2 16:24:04 2022,
,date,
0,Sat Apr  2 16:24:39 2022,
,date,
0,Sat Apr  2 16:24:56 2022,
,date,
0,Sat Apr  2 16:25:14 2022,"76A-076.76'
"
,date,
0,Sat Apr  2 16:27:21 2022,
,date,
0,Sat Apr  2 16:27:52 2022,
,date,
0,Sat Apr  2 16:28:22 2022,
,date,
0,Sat Apr  2 16:31:59 2022,
,date,
0,Sat Apr  2 16:32:09 2022,
,date,
0,Sat Apr  2 16:32:19 2022,
,date,
0,Sat Apr  2 16:32:29 2022,"76A-076.76'
"
,date,
0,Sat Apr  2 16:32:40 2022,"76A-076.76'
"
,date,
0,Sat Apr  2 16:36:51 2022,"76A-076.76'
"
,date,
0,Sat Apr  2 16:39:05 2022,
,date,
0,Sat Apr  2 16:39:20 2022,
,date,
0,Sat Apr  2 16:40:40 2022,
,date,
0,Sat Apr  2 16:40:50 2022,
,date,
0,Sat Apr  2 16:41:14 2022,"76A-076.76'
"
,date,
0,Sat Apr  2 16:41:48 2022,
,date,
0,Sat Apr  2 16:41:55 2022,
,date,
0,Sat Apr  2 16:42:00 2022,
,date,
0,Sat Apr  2 16:42:15 2022,
,date,
0,Sat Apr  2 16:42:23 2022,
,date,
0,Sat Apr  2 16:42:31 2022,
,date,
0,Sat Apr  2 16:42:38 2022,
,date,
0,Sat Apr  2 16:42:42 2022,
,date,
0,Sat Apr  2 16:45:51 2022,
,date,
0,Sat Apr  2 16:46:45 2022,
,date,
0,Sat Apr  2 16:47:12 2022,"43A-272.08
"
,date,
0,Sat Apr  2 16:47:20 2022,"43A-272.08
"
,date,
0,Sat Apr  2 16:47:34 2022,
,date,
0,Sat Apr  2 16:47:43 2022,
,date,
0,Sat Apr  2 16:47:52 2022,
,date,
0,Sat Apr  2 16:47:57 2022,
,date,
0,Sat Apr  2 16:48:07 2022,
,date,
0,Sat Apr  2 16:48:11 2022,
,date,
0,Sat Apr  2 16:48:33 2022,
,date,
0,Sat Apr  2 16:48:41 2022,
,date,
0,Sat Apr  2 16:49:23 2022,
,date,
0,Sat Apr  2 16:49:42 2022,
,date,
0,Sat Apr  2 16:49:49 2022,
,date,
0,Sat Apr  2 16:49:57 2022,
,date,
0,Sat Apr  2 16:50:03 2022,
,date,
0,Sat Apr  2 16:50:32 2022,
,date,
0,Sat Apr  2 16:50:40 2022,
,date,
0,Sat Apr  2 16:50:55 2022,
,date,
0,Sat Apr  2 16:51:13 2022,
,date,
0,Sat Apr  2 16:51:24 2022,
,date,
0,Sat Apr  2 16:51:31 2022,
,date,
0,Sat Apr  2 16:51:55 2022,
,date,
0,Sat Apr  2 16:52:35 2022,
,date,
0,Sat Apr  2 16:52:43 2022,
,date,
0,Sat Apr  2 16:58:10 2022,
,date,
0,Sat Apr  2 16:58:21 2022,
,date,
0,Sat Apr  2 16:58:43 2022,"es

|
"
,date,
0,Sat Apr  2 16:58:49 2022,"es

|
"
,date,
0,Sat Apr  2 17:17:55 2022,
,date,
0,Sat Apr  2 17:19:24 2022,
,date,
0,Sat Apr  2 17:19:52 2022,
,date,
0,Sat Apr  2 17:20:31 2022,
,date,
0,Sat Apr  2 17:22:15 2022,
,date,
0,Sat Apr  2 21:48:06 2022,
,date,
0,Sat Apr  2 22:05:19 2022,
,date,
0,Sat Apr  2 22:05:31 2022,"73-01
179.46
"
,date,
0,Sat Apr  2 22:10:06 2022,
,date,
0,Sat Apr  2 22:10:17 2022,
,date,
0,Sat Apr  2 22:10:26 2022,
,date,
0,Sat Apr  2 22:10:33 2022,"73-01
179.46
"
,date,
0,Sat Apr  2 22:12:00 2022,"73-01
179.46
"
,date,
0,Sat Apr  2 22:13:57 2022,"73-01
179.46
"
